-- phpMyAdmin SQL Dump
-- version 5.0.4
-- https://www.phpmyadmin.net/
--
-- Host: 127.0.0.1
-- Generation Time: Mar 04, 2021 at 05:15 PM
-- Server version: 10.4.17-MariaDB
-- PHP Version: 7.3.27

SET SQL_MODE = "NO_AUTO_VALUE_ON_ZERO";
START TRANSACTION;
SET time_zone = "+00:00";


/*!40101 SET @OLD_CHARACTER_SET_CLIENT=@@CHARACTER_SET_CLIENT */;
/*!40101 SET @OLD_CHARACTER_SET_RESULTS=@@CHARACTER_SET_RESULTS */;
/*!40101 SET @OLD_COLLATION_CONNECTION=@@COLLATION_CONNECTION */;
/*!40101 SET NAMES utf8mb4 */;

--
-- Database: `goomla`
--

-- --------------------------------------------------------

--
-- Table structure for table `areas`
--

CREATE TABLE `areas` (
  `id` int(11) NOT NULL,
  `name` text NOT NULL,
  `created_at` timestamp NOT NULL DEFAULT current_timestamp(),
  `updated_at` timestamp NOT NULL DEFAULT current_timestamp()
) ENGINE=InnoDB DEFAULT CHARSET=utf8mb4;

--
-- Dumping data for table `areas`
--

INSERT INTO `areas` (`id`, `name`, `created_at`, `updated_at`) VALUES
(1, 'ميت نما', '2021-03-02 11:28:55', '2021-03-02 11:28:55'),
(2, 'الدقي', '2021-03-02 11:28:55', '2021-03-02 11:28:55'),
(3, 'دار السلام', '2021-03-02 11:28:55', '2021-03-02 11:28:55'),
(4, 'حي ثاني طنطا', '2021-03-02 11:28:55', '2021-03-02 11:28:55'),
(5, 'برما', '2021-03-02 11:28:55', '2021-03-02 11:28:55'),
(6, 'ميت حلفا', '2021-03-02 11:28:55', '2021-03-02 11:28:55'),
(7, 'القطاوي', '2021-03-02 11:28:55', '2021-03-02 11:28:55'),
(8, 'بشتيل', '2021-03-02 11:28:55', '2021-03-02 11:28:55'),
(9, 'الوراق', '2021-03-02 11:28:55', '2021-03-02 11:28:55'),
(10, 'عبدين', '2021-03-02 11:28:55', '2021-03-02 11:28:55'),
(11, 'المهندسين', '2021-03-02 11:28:55', '2021-03-02 11:28:55'),
(12, 'السيدة زينب', '2021-03-02 11:28:56', '2021-03-02 11:28:56'),
(13, 'العمرانية', '2021-03-02 11:28:56', '2021-03-02 11:28:56'),
(14, 'الجمهورية', '2021-03-02 11:28:56', '2021-03-02 11:28:56'),
(15, 'العجوزة', '2021-03-02 11:28:56', '2021-03-02 11:28:56'),
(16, 'حي الجيزة', '2021-03-02 11:28:56', '2021-03-02 11:28:56'),
(17, 'منشية ناصر', '2021-03-02 11:28:56', '2021-03-02 11:28:56'),
(18, '4 دار السلام', '2021-03-02 11:28:56', '2021-03-02 11:28:56'),
(19, 'صفط اللبن', '2021-03-02 11:28:56', '2021-03-02 11:28:56'),
(20, 'فيصل 2', '2021-03-02 11:28:56', '2021-03-02 11:28:56'),
(21, 'فيصل 3', '2021-03-02 11:28:56', '2021-03-02 11:28:56'),
(22, 'هرم 2', '2021-03-02 11:28:56', '2021-03-02 11:28:56'),
(23, 'هرم 3', '2021-03-02 11:28:56', '2021-03-02 11:28:56'),
(24, 'الخصوص', '2021-03-02 11:28:56', '2021-03-02 11:28:56'),
(25, 'مدينة نصر', '2021-03-02 11:28:56', '2021-03-02 11:28:56'),
(26, 'بلقس', '2021-03-02 11:28:56', '2021-03-02 11:28:56'),
(27, 'الدرب الاحمر', '2021-03-02 11:28:56', '2021-03-02 11:28:56'),
(28, 'الظاهر', '2021-03-02 11:28:56', '2021-03-02 11:28:56'),
(29, 'عين شمس', '2021-03-02 11:28:56', '2021-03-02 11:28:56'),
(30, 'ابو الغيط', '2021-03-02 11:28:56', '2021-03-02 11:28:56'),
(31, 'قليوب', '2021-03-02 11:28:57', '2021-03-02 11:28:57'),
(32, 'القناطر الخيرية', '2021-03-02 11:28:57', '2021-03-02 11:28:57'),
(33, 'إمبابة', '2021-03-02 11:28:57', '2021-03-02 11:28:57'),
(34, 'كفر عصام', '2021-03-02 11:28:57', '2021-03-02 11:28:57'),
(35, 'المطرية', '2021-03-02 11:28:57', '2021-03-02 11:28:57'),
(36, 'الزيتون', '2021-03-02 11:28:57', '2021-03-02 11:28:57'),
(37, 'عين شمس الغربية', '2021-03-02 11:28:57', '2021-03-02 11:28:57'),
(38, 'دراسه', '2021-03-02 11:28:57', '2021-03-02 11:28:57'),
(39, 'العباسيه', '2021-03-02 11:28:57', '2021-03-02 11:28:57'),
(40, 'الاستاد', '2021-03-02 11:28:57', '2021-03-02 11:28:57'),
(41, 'شبرا البلد', '2021-03-02 11:28:57', '2021-03-02 11:28:57'),
(42, 'حدائق القبة', '2021-03-02 11:28:57', '2021-03-02 11:28:57'),
(43, 'المقطم', '2021-03-02 11:28:57', '2021-03-02 11:28:57'),
(44, 'الشون', '2021-03-02 11:28:57', '2021-03-02 11:28:57'),
(45, 'الخانكه', '2021-03-02 11:28:57', '2021-03-02 11:28:57'),
(46, 'عزبة النخل', '2021-03-02 11:28:57', '2021-03-02 11:28:57'),
(47, 'المرج القديم', '2021-03-02 11:28:57', '2021-03-02 11:28:57'),
(48, 'حدائق الاهرام 2', '2021-03-02 11:28:57', '2021-03-02 11:28:57'),
(49, 'أرض اللواء', '2021-03-02 11:28:57', '2021-03-02 11:28:57'),
(50, 'النادي', '2021-03-02 11:28:57', '2021-03-02 11:28:57'),
(51, 'بهتيم', '2021-03-02 11:28:57', '2021-03-02 11:28:57'),
(52, 'السبتية', '2021-03-02 11:28:57', '2021-03-02 11:28:57'),
(53, 'الهرم', '2021-03-02 11:28:57', '2021-03-02 11:28:57'),
(54, 'بيجام', '2021-03-02 11:28:57', '2021-03-02 11:28:57'),
(55, 'البراجيل', '2021-03-02 11:28:57', '2021-03-02 11:28:57'),
(56, 'باسوس', '2021-03-02 11:28:57', '2021-03-02 11:28:57'),
(57, 'شبرا الخيمة', '2021-03-02 11:28:58', '2021-03-02 11:28:58'),
(58, 'فيصل', '2021-03-02 11:28:58', '2021-03-02 11:28:58'),
(59, 'الأميرية', '2021-03-02 11:28:58', '2021-03-02 11:28:58'),
(60, 'ميت عقبه', '2021-03-02 11:28:58', '2021-03-02 11:28:58'),
(61, 'محلة محرم', '2021-03-02 11:28:58', '2021-03-02 11:28:58'),
(62, 'الزراعية', '2021-03-02 11:28:58', '2021-03-02 11:28:58'),
(63, 'الدويقه', '2021-03-02 11:28:58', '2021-03-02 11:28:58'),
(64, 'مصر القديمة', '2021-03-02 11:28:58', '2021-03-02 11:28:58'),
(65, 'منطي', '2021-03-02 11:28:58', '2021-03-02 11:28:58'),
(66, 'الجلاء', '2021-03-02 11:28:58', '2021-03-02 11:28:58'),
(67, 'شبين القناطر', '2021-03-02 11:28:58', '2021-03-02 11:28:58'),
(68, 'المنيب', '2021-03-02 11:28:58', '2021-03-02 11:28:58'),
(69, 'مساكن شيراتون', '2021-03-02 11:28:58', '2021-03-02 11:28:58'),
(70, 'حدائق الأهرام', '2021-03-02 11:28:58', '2021-03-02 11:28:58'),
(71, 'مصر الجديدة 1', '2021-03-02 11:28:58', '2021-03-02 11:28:58'),
(72, 'شكري الكواتلي', '2021-03-02 11:28:58', '2021-03-02 11:28:58'),
(73, 'سرياقوس', '2021-03-02 11:28:58', '2021-03-02 11:28:58'),
(74, 'مسطرد', '2021-03-02 11:28:58', '2021-03-02 11:28:58'),
(75, 'بولاق الدكرور', '2021-03-02 11:28:58', '2021-03-02 11:28:58'),
(76, 'مدينة الحرفيين', '2021-03-02 11:28:58', '2021-03-02 11:28:58'),
(77, 'العجيزي', '2021-03-02 11:28:58', '2021-03-02 11:28:58'),
(78, 'مدينة السلام', '2021-03-02 11:28:58', '2021-03-02 11:28:58'),
(79, 'الشرابية', '2021-03-02 11:28:58', '2021-03-02 11:28:58'),
(80, 'الكونيسة', '2021-03-02 11:28:58', '2021-03-02 11:28:58'),
(81, 'الوايلي', '2021-03-02 11:28:58', '2021-03-02 11:28:58'),
(82, 'ابو شاهين', '2021-03-02 11:28:58', '2021-03-02 11:28:58'),
(83, 'عمرانية شرقية', '2021-03-02 11:28:59', '2021-03-02 11:28:59'),
(84, 'عمرانية تعمير', '2021-03-02 11:28:59', '2021-03-02 11:28:59'),
(85, 'شبرا مصر', '2021-03-02 11:28:59', '2021-03-02 11:28:59'),
(86, 'كرداسه', '2021-03-02 11:28:59', '2021-03-02 11:28:59'),
(87, 'المنيل', '2021-03-02 11:28:59', '2021-03-02 11:28:59'),
(88, 'الجبل الاصفر', '2021-03-02 11:28:59', '2021-03-02 11:28:59'),
(89, 'المرج', '2021-03-02 11:28:59', '2021-03-02 11:28:59'),
(90, 'قلج', '2021-03-02 11:28:59', '2021-03-02 11:28:59'),
(91, 'البساتين', '2021-03-02 11:28:59', '2021-03-02 11:28:59');

-- --------------------------------------------------------

--
-- Table structure for table `categories`
--

CREATE TABLE `categories` (
  `id` int(11) NOT NULL,
  `name` varchar(255) NOT NULL,
  `image` varchar(255) DEFAULT NULL,
  `created_at` timestamp NOT NULL DEFAULT current_timestamp(),
  `updated_at` timestamp NOT NULL DEFAULT current_timestamp() ON UPDATE current_timestamp()
) ENGINE=InnoDB DEFAULT CHARSET=utf8;

--
-- Dumping data for table `categories`
--

INSERT INTO `categories` (`id`, `name`, `image`, `created_at`, `updated_at`) VALUES
(1, 'جبن و البان', '1_image.jpg', '2021-01-05 09:22:46', '2021-01-05 09:26:04'),
(2, 'عناية شخصية', '2_image.jpg', '2021-01-06 14:33:32', '2021-01-06 14:33:32'),
(4, 'مشروبات', '4_image.jpg', '2021-01-06 14:34:25', '2021-01-06 14:34:25'),
(5, 'مأكولات اساسية', '5_image.webp', '2021-01-06 14:34:53', '2021-01-06 14:34:53'),
(6, 'test new category list', NULL, '2021-01-06 16:29:07', '2021-02-24 23:01:14'),
(26, 'كروت شحن', NULL, '2021-01-19 14:34:02', '2021-01-19 14:34:02'),
(27, 'عصائر', '27_image.jpg', '2021-02-24 22:34:12', '2021-02-24 22:34:12'),
(28, 'شعبي', '28_image.webp', '2021-02-24 22:35:08', '2021-02-24 22:35:08');

-- --------------------------------------------------------

--
-- Table structure for table `companies`
--

CREATE TABLE `companies` (
  `id` int(11) NOT NULL,
  `name` varchar(255) NOT NULL,
  `image` varchar(255) DEFAULT NULL,
  `created_at` timestamp NOT NULL DEFAULT current_timestamp(),
  `updated_at` timestamp NOT NULL DEFAULT current_timestamp() ON UPDATE current_timestamp()
) ENGINE=InnoDB DEFAULT CHARSET=utf8;

--
-- Dumping data for table `companies`
--

INSERT INTO `companies` (`id`, `name`, `image`, `created_at`, `updated_at`) VALUES
(1, 'عبور لاند', '1_image.jpg', '2021-01-05 09:04:20', '2021-01-05 09:04:51'),
(2, 'فاين', '2_image.png', '2021-01-05 20:14:13', '2021-01-05 20:14:13'),
(3, 'دوش', '3_image.jpg', '2021-01-06 14:46:41', '2021-01-06 14:46:41'),
(4, 'سافانا', '4_image.png', '2021-01-06 14:46:58', '2021-01-06 14:46:58'),
(5, 'لوكس', '5_image.jpg', '2021-01-06 14:47:12', '2021-01-06 14:47:13'),
(6, 'كامي', '6_image.jfif', '2021-01-06 14:47:26', '2021-01-06 14:47:26'),
(7, 'ديتول', '7_image.png', '2021-01-06 14:47:45', '2021-01-06 14:47:45'),
(8, 'نستله', '8_image.jpg', '2021-01-26 18:00:23', '2021-01-26 18:00:23'),
(10, 'pono', '10_image.jpg', '2021-02-25 00:04:31', '2021-02-25 00:04:31'),
(11, 'العروسة', '11_image.jpg', '2021-02-25 00:04:55', '2021-02-25 00:04:55'),
(12, 'candy', '12_image.webp', '2021-02-25 00:05:41', '2021-02-25 00:05:41'),
(13, 'أسباجتي', '13_image.webp', '2021-02-25 00:47:07', '2021-02-25 00:47:07'),
(14, 'العبور', NULL, '2021-02-25 00:48:02', '2021-02-25 00:48:02'),
(15, 'test', '15_image.jpg', '2021-02-25 00:48:15', '2021-02-25 00:48:15'),
(16, 'test', '16_image.jpg', '2021-02-25 00:48:27', '2021-02-25 00:48:27'),
(17, 'meza', '17_image.jpg', '2021-02-25 00:48:38', '2021-02-25 00:48:38'),
(18, 'msare', '18_image.jpg', '2021-02-25 00:48:48', '2021-02-25 00:48:48'),
(19, '3tre', '19_image.jpg', '2021-02-25 00:49:09', '2021-02-25 00:49:09'),
(20, 'lacost', '20_image.jpg', '2021-02-25 00:49:21', '2021-02-25 00:49:21'),
(21, 'اي كلام', NULL, '2021-02-25 00:49:37', '2021-02-25 00:49:37'),
(22, 'اي كلام تاني', NULL, '2021-02-25 00:49:51', '2021-02-25 00:49:51');

-- --------------------------------------------------------

--
-- Table structure for table `company_subcategory`
--

CREATE TABLE `company_subcategory` (
  `id` int(11) NOT NULL,
  `company_id` varchar(255) DEFAULT NULL,
  `subcategory_id` varchar(255) DEFAULT NULL,
  `created_at` timestamp NOT NULL DEFAULT current_timestamp(),
  `updated_at` timestamp NOT NULL DEFAULT current_timestamp() ON UPDATE current_timestamp()
) ENGINE=MyISAM DEFAULT CHARSET=utf8;

--
-- Dumping data for table `company_subcategory`
--

INSERT INTO `company_subcategory` (`id`, `company_id`, `subcategory_id`, `created_at`, `updated_at`) VALUES
(3, '5', '3', '2021-01-06 12:01:57', '2021-01-06 12:01:57'),
(12, '1', '2', '2021-01-08 20:03:07', '2021-01-08 20:03:07'),
(4, '6', '3', '2021-01-06 12:01:57', '2021-01-06 12:01:57'),
(5, '7', '3', '2021-01-06 12:01:57', '2021-01-06 12:01:57'),
(6, '3', '3', '2021-01-06 12:02:17', '2021-01-06 12:02:17'),
(7, '4', '3', '2021-01-06 12:02:17', '2021-01-06 12:02:17'),
(8, '1', '9', '2021-01-07 08:47:03', '2021-01-07 08:47:03'),
(9, '2', '9', '2021-01-07 08:47:03', '2021-01-07 08:47:03'),
(10, '1', '10', '2021-01-07 08:48:14', '2021-01-07 08:48:14'),
(11, '2', '10', '2021-01-07 08:48:14', '2021-01-07 08:48:14'),
(13, '1', '11', '2021-01-11 12:21:35', '2021-01-11 12:21:35'),
(14, '1', '12', '2021-01-25 09:25:24', '2021-01-25 09:25:24'),
(20, '11', '13', '2021-02-24 17:12:39', '2021-02-24 17:12:39'),
(19, '12', '14', '2021-02-24 17:12:29', '2021-02-24 17:12:29'),
(18, '10', '15', '2021-02-24 17:12:19', '2021-02-24 17:12:19'),
(21, '16', '16', '2021-02-24 17:57:09', '2021-02-24 17:57:09'),
(22, '8', '11', '2021-02-26 13:18:45', '2021-02-26 13:18:45'),
(23, '16', '4', '2021-02-26 15:53:08', '2021-02-26 15:53:08'),
(24, '15', '5', '2021-02-26 15:53:24', '2021-02-26 15:53:24'),
(25, '21', '5', '2021-02-26 15:53:24', '2021-02-26 15:53:24');

-- --------------------------------------------------------

--
-- Table structure for table `complaintproducts`
--

CREATE TABLE `complaintproducts` (
  `id` int(11) NOT NULL,
  `user_id` varchar(255) NOT NULL,
  `product_id` varchar(255) NOT NULL,
  `comment` varchar(255) NOT NULL,
  `created_at` timestamp NOT NULL DEFAULT current_timestamp(),
  `updated_at` timestamp NOT NULL DEFAULT current_timestamp() ON UPDATE current_timestamp()
) ENGINE=InnoDB DEFAULT CHARSET=utf8;

--
-- Dumping data for table `complaintproducts`
--

INSERT INTO `complaintproducts` (`id`, `user_id`, `product_id`, `comment`, `created_at`, `updated_at`) VALUES
(1, '1', '2', '1', '2021-01-10 19:17:21', '2021-01-19 13:13:27'),
(2, '1', '4', 'ds', '2021-01-10 21:22:55', '2021-01-19 13:15:54'),
(3, '1067662799', '4', 'غسول معفن', '2021-01-14 18:37:02', '2021-01-19 13:16:03');

-- --------------------------------------------------------

--
-- Table structure for table `complaints`
--

CREATE TABLE `complaints` (
  `id` int(11) NOT NULL,
  `user_id` varchar(255) NOT NULL,
  `comment` varchar(255) NOT NULL,
  `type` varchar(255) NOT NULL,
  `created_at` timestamp NOT NULL DEFAULT current_timestamp(),
  `updated_at` timestamp NOT NULL DEFAULT current_timestamp() ON UPDATE current_timestamp()
) ENGINE=InnoDB DEFAULT CHARSET=utf8;

--
-- Dumping data for table `complaints`
--

INSERT INTO `complaints` (`id`, `user_id`, `comment`, `type`, `created_at`, `updated_at`) VALUES
(1, '1', '1', '1', '2021-01-10 19:17:37', '2021-01-10 19:17:37'),
(2, '1', 'ds', 'fdfd', '2021-01-10 21:22:35', '2021-01-10 21:22:35'),
(3, '1067662799', 'خلي الصابون بجنيه', 'اقتراح سعر منتج معين', '2021-01-14 17:52:34', '2021-01-14 17:52:34'),
(4, '1067662799', 'ماعندكش حرنكش ليه مطلوب جدا', 'نقص منتج معين', '2021-01-14 17:55:32', '2021-01-14 17:55:32'),
(5, '1067662799', 'بجرب', 'أقتراحات اخري', '2021-01-14 17:59:27', '2021-01-14 17:59:27'),
(6, '1067662799', 'بلعب', 'تغيير بياناتي الشخصية', '2021-01-14 18:01:12', '2021-01-14 18:01:12'),
(7, '01067662799', 'عدنان احمد', 'تغيير رقم الهاتف', '2021-02-22 01:11:31', '2021-02-22 01:11:31');

-- --------------------------------------------------------

--
-- Table structure for table `contacts`
--

CREATE TABLE `contacts` (
  `id` int(11) NOT NULL,
  `phone1` varchar(255) NOT NULL,
  `phone2` varchar(255) DEFAULT NULL,
  `email1` varchar(255) NOT NULL,
  `email2` varchar(255) DEFAULT NULL,
  `created_at` timestamp NOT NULL DEFAULT current_timestamp(),
  `updated_at` timestamp NOT NULL DEFAULT current_timestamp() ON UPDATE current_timestamp()
) ENGINE=MyISAM DEFAULT CHARSET=utf8;

--
-- Dumping data for table `contacts`
--

INSERT INTO `contacts` (`id`, `phone1`, `phone2`, `email1`, `email2`, `created_at`, `updated_at`) VALUES
(1, '151515', '32323232', 'fdng@email.com', 'dds@d.com', '2021-01-19 21:08:39', '2021-01-21 01:08:45');

-- --------------------------------------------------------

--
-- Table structure for table `deliveries`
--

CREATE TABLE `deliveries` (
  `id` int(11) NOT NULL,
  `user_id` int(11) NOT NULL,
  `mandob_id` int(11) NOT NULL,
  `stage` int(11) NOT NULL,
  `date` date NOT NULL,
  `order_id` int(11) NOT NULL,
  `created_at` timestamp NOT NULL DEFAULT current_timestamp(),
  `updated_at` timestamp NOT NULL DEFAULT current_timestamp() ON UPDATE current_timestamp()
) ENGINE=InnoDB DEFAULT CHARSET=utf8 COLLATE=utf8_unicode_ci;

--
-- Dumping data for table `deliveries`
--

INSERT INTO `deliveries` (`id`, `user_id`, `mandob_id`, `stage`, `date`, `order_id`, `created_at`, `updated_at`) VALUES
(1, 1067662799, 1, 0, '2021-01-30', 1, '2021-01-31 18:19:33', '2021-01-31 18:19:33'),
(2, 1067662799, 1, 0, '2021-01-30', 2, '2021-01-31 18:21:36', '2021-01-31 18:21:36'),
(3, 1554794416, 1, 0, '2021-01-30', 1, '2021-01-31 19:25:50', '2021-01-31 19:25:50'),
(4, 1554794416, 1, 0, '2021-01-30', 1, '2021-02-07 22:40:53', '2021-02-07 22:40:53'),
(5, 1554794416, 1, 0, '2021-01-30', 1, '2021-02-08 15:53:53', '2021-02-08 15:53:53'),
(6, 1554794416, 1, 0, '2021-01-30', 1, '2021-02-08 15:53:54', '2021-02-08 15:53:54'),
(7, 1554794416, 1, 0, '2021-01-30', 1, '2021-02-08 15:53:54', '2021-02-08 15:53:54'),
(8, 1554794416, 1, 0, '2021-01-30', 1, '2021-02-08 15:53:54', '2021-02-08 15:53:54'),
(9, 1554794416, 1, 0, '2021-01-30', 1, '2021-02-08 15:53:58', '2021-02-08 15:53:58'),
(10, 1554794416, 1, 0, '2021-01-30', 1, '2021-02-08 15:53:59', '2021-02-08 15:53:59'),
(11, 1554794416, 1, 0, '2021-01-30', 1, '2021-02-08 17:47:55', '2021-02-08 17:47:55'),
(12, 1554794416, 1, 0, '2021-01-30', 1, '2021-02-08 23:23:58', '2021-02-08 23:23:58'),
(13, 1554794416, 1, 0, '2021-01-30', 1, '2021-02-08 23:39:19', '2021-02-08 23:39:19'),
(14, 1554794416, 1, 0, '2021-01-30', 1, '2021-02-08 23:39:33', '2021-02-08 23:39:33');

-- --------------------------------------------------------

--
-- Table structure for table `depts`
--

CREATE TABLE `depts` (
  `id` int(11) NOT NULL,
  `user_id` int(11) NOT NULL,
  `order_id` int(11) NOT NULL,
  `total` int(11) NOT NULL,
  `paid` int(11) DEFAULT NULL,
  `date` varchar(255) COLLATE utf8_unicode_ci DEFAULT NULL,
  `discount` int(11) DEFAULT NULL,
  `paytype` varchar(255) COLLATE utf8_unicode_ci DEFAULT NULL,
  `created_at` timestamp NOT NULL DEFAULT current_timestamp(),
  `updated_at` timestamp NOT NULL DEFAULT current_timestamp() ON UPDATE current_timestamp()
) ENGINE=InnoDB DEFAULT CHARSET=utf8 COLLATE=utf8_unicode_ci;

--
-- Dumping data for table `depts`
--

INSERT INTO `depts` (`id`, `user_id`, `order_id`, `total`, `paid`, `date`, `discount`, `paytype`, `created_at`, `updated_at`) VALUES
(1, 1010, 2, 55, 5, '4-5-2020', 5, NULL, '2021-02-08 16:50:57', '2021-02-21 11:18:57'),
(2, 1010, 2, 55, 54, '4-5-2020', 5, NULL, '2021-02-08 16:51:18', '2021-02-21 11:19:01'),
(3, 1010, 2, 55, 52, '4-5-2020', 5, 'sds', '2021-02-21 18:19:20', '2021-02-21 18:19:20'),
(4, 1010, 2, 55, 20, '4-5-2020', 5, 'lll', '2021-03-03 08:59:10', '2021-03-03 08:59:10');

-- --------------------------------------------------------

--
-- Table structure for table `discounts`
--

CREATE TABLE `discounts` (
  `id` int(11) NOT NULL,
  `from_price` varchar(255) NOT NULL,
  `to_price` varchar(255) NOT NULL,
  `discount` varchar(255) NOT NULL,
  `date` varchar(255) DEFAULT NULL,
  `subcategory_id` int(11) DEFAULT NULL,
  `created_at` timestamp NOT NULL DEFAULT current_timestamp(),
  `updated_at` timestamp NOT NULL DEFAULT current_timestamp() ON UPDATE current_timestamp()
) ENGINE=InnoDB DEFAULT CHARSET=utf8;

--
-- Dumping data for table `discounts`
--

INSERT INTO `discounts` (`id`, `from_price`, `to_price`, `discount`, `date`, `subcategory_id`, `created_at`, `updated_at`) VALUES
(1, '924', '655', '75', '2012-04-07', 2, '2021-02-21 17:27:43', '2021-02-21 17:27:43'),
(2, '468', '654', '100', '2011-07-05', 4, '2021-02-21 17:27:50', '2021-02-21 17:27:50'),
(3, '3000', '5000', '30', '2021-02-21', 2, '2021-02-22 02:27:10', '2021-02-22 02:27:10'),
(4, '400', '800', '12', '2021-02-26', 6, '2021-02-22 02:52:03', '2021-02-22 02:52:03');

-- --------------------------------------------------------

--
-- Table structure for table `mandobs`
--

CREATE TABLE `mandobs` (
  `id` int(11) NOT NULL,
  `status` int(11) NOT NULL DEFAULT 0,
  `name` varchar(255) COLLATE utf8_unicode_ci NOT NULL,
  `phone` varchar(255) COLLATE utf8_unicode_ci NOT NULL,
  `address` varchar(255) COLLATE utf8_unicode_ci DEFAULT NULL,
  `section` varchar(255) COLLATE utf8_unicode_ci DEFAULT NULL,
  `created_at` timestamp NOT NULL DEFAULT current_timestamp(),
  `updated_at` timestamp NOT NULL DEFAULT current_timestamp() ON UPDATE current_timestamp()
) ENGINE=InnoDB DEFAULT CHARSET=utf8 COLLATE=utf8_unicode_ci;

--
-- Dumping data for table `mandobs`
--

INSERT INTO `mandobs` (`id`, `status`, `name`, `phone`, `address`, `section`, `created_at`, `updated_at`) VALUES
(1, 1, 'fddf', '525', '62s6a', 'saas', '2021-01-30 16:42:05', '2021-03-01 11:37:05'),
(2, 1, 'mohamed', '01116020593', 'ainshams', 'doki', '2021-03-01 11:10:25', '2021-03-01 11:33:51'),
(5, 0, 'mohamed', '0111602059', 'ainshams', 'doki', '2021-03-01 11:37:19', '2021-03-01 15:05:04'),
(6, 1, 'mohamed', '0111111', 'ainshams', 'doki', '2021-03-01 14:12:26', '2021-03-01 14:12:31');

-- --------------------------------------------------------

--
-- Table structure for table `migrations`
--

CREATE TABLE `migrations` (
  `id` int(10) UNSIGNED NOT NULL,
  `migration` varchar(255) COLLATE utf8mb4_unicode_ci NOT NULL,
  `batch` int(11) NOT NULL
) ENGINE=InnoDB DEFAULT CHARSET=utf8mb4 COLLATE=utf8mb4_unicode_ci;

--
-- Dumping data for table `migrations`
--

INSERT INTO `migrations` (`id`, `migration`, `batch`) VALUES
(1, '2014_10_12_000000_create_users_table', 1),
(2, '2014_10_12_100000_create_password_resets_table', 1);

-- --------------------------------------------------------

--
-- Table structure for table `min_prices`
--

CREATE TABLE `min_prices` (
  `id` int(11) NOT NULL,
  `price` int(11) NOT NULL,
  `created_at` timestamp NOT NULL DEFAULT current_timestamp(),
  `updated_at` timestamp NOT NULL DEFAULT current_timestamp() ON UPDATE current_timestamp()
) ENGINE=InnoDB DEFAULT CHARSET=utf8 COLLATE=utf8_unicode_ci;

--
-- Dumping data for table `min_prices`
--

INSERT INTO `min_prices` (`id`, `price`, `created_at`, `updated_at`) VALUES
(1, 500, '2021-01-24 16:02:52', '2021-01-24 16:02:52');

-- --------------------------------------------------------

--
-- Table structure for table `mostproducts`
--

CREATE TABLE `mostproducts` (
  `id` int(11) NOT NULL,
  `product_id` varchar(255) NOT NULL,
  `created_at` timestamp NOT NULL DEFAULT current_timestamp(),
  `updated_at` timestamp NOT NULL DEFAULT current_timestamp() ON UPDATE current_timestamp()
) ENGINE=InnoDB DEFAULT CHARSET=utf8;

--
-- Dumping data for table `mostproducts`
--

INSERT INTO `mostproducts` (`id`, `product_id`, `created_at`, `updated_at`) VALUES
(2, '5', '2021-01-10 13:18:27', '2021-01-11 14:26:24'),
(3, '5', '2021-01-10 21:24:32', '2021-01-10 21:24:32'),
(4, '5', '2021-01-11 14:24:32', '2021-01-11 14:24:32'),
(6, '3', '2021-03-01 09:30:26', '2021-03-01 09:30:26'),
(7, '2', '2021-03-02 14:57:14', '2021-03-02 14:57:14');

-- --------------------------------------------------------

--
-- Table structure for table `orders`
--

CREATE TABLE `orders` (
  `id` int(11) NOT NULL,
  `user_id` varchar(255) DEFAULT NULL,
  `product_id` varchar(255) DEFAULT NULL,
  `price` int(11) NOT NULL,
  `price_unit` int(11) NOT NULL,
  `quantity` int(11) NOT NULL DEFAULT 0,
  `quantity_unit` int(11) NOT NULL DEFAULT 0,
  `discount` int(11) DEFAULT NULL,
  `complete_id` varchar(255) NOT NULL,
  `stage_id` varchar(255) NOT NULL,
  `order_id` varchar(255) NOT NULL,
  `date` varchar(255) NOT NULL,
  `waiting_status` int(11) DEFAULT NULL,
  `mandob_id` int(11) DEFAULT NULL,
  `mandob_date` text DEFAULT NULL,
  `mandob_stage` int(11) NOT NULL DEFAULT 0,
  `created_at` timestamp NOT NULL DEFAULT current_timestamp(),
  `updated_at` timestamp NOT NULL DEFAULT current_timestamp() ON UPDATE current_timestamp()
) ENGINE=InnoDB DEFAULT CHARSET=utf8;

--
-- Dumping data for table `orders`
--

INSERT INTO `orders` (`id`, `user_id`, `product_id`, `price`, `price_unit`, `quantity`, `quantity_unit`, `discount`, `complete_id`, `stage_id`, `order_id`, `date`, `waiting_status`, `mandob_id`, `mandob_date`, `mandob_stage`, `created_at`, `updated_at`) VALUES
(11, '1067662799', '5', 121, 49, 3, 7, 30, '1', '5', '1', '2021-01-14 21:28:56.877841', NULL, 1, '', 0, '2021-01-10 13:48:44', '2021-02-23 22:18:07'),
(12, '1067662799', '4', 432, 144, 11, 24, 20, '1', '5', '1', '2021-01-14 21:28:57.920786', NULL, 1, '', 0, '2021-01-10 13:51:58', '2021-02-23 22:18:07'),
(13, '1067662799', '2', 34, 3, 1, 1, 3, '1', '5', '1', '2021-01-17 18:18:52.450340', NULL, 1, '', 0, '2021-01-10 13:54:53', '2021-02-23 22:18:07'),
(42, '1067662799', '3', 0, 16, 0, 8, 3, '1', '5', '1', '2021-01-14 21:28:58.669809', NULL, 1, '', 0, '2021-01-11 21:53:46', '2021-02-23 22:18:07'),
(43, '1067662799', '6', 0, 5, 0, 1, 30, '1', '5', '1', '2021-01-14 21:28:59.245935', NULL, 1, '', 0, '2021-01-12 14:10:52', '2021-02-23 22:18:07'),
(46, '1067662799', '5', 0, 35, 0, 5, 30, '1', '5', '1', '2021-01-17 18:18:53.340500', NULL, 1, '', 0, '2021-01-17 00:18:12', '2021-02-23 22:18:07'),
(47, '1554794416', '5', 0, 63, 0, 9, 30, '1', '0', '1', '2021-01-16 22:11:36.471499', NULL, NULL, '', 0, '2021-01-17 00:55:49', '2021-01-20 22:48:58'),
(48, '1554794416', '3', 0, 4, 0, 2, 3, '1', '0', '1', '2021-01-16 21:57:43.763465', NULL, NULL, '', 0, '2021-01-17 00:57:21', '2021-01-20 22:48:58'),
(49, '1554794416', '7', 0, 20, 0, 2, 3, '0', '0', '1', '2021-01-16 22:20:46.978372', NULL, NULL, '', 0, '2021-01-17 01:20:48', '2021-01-20 22:48:58'),
(50, '1067662799', '5', 80, 147, 2, 21, 30, '1', '3', '2', '2021-01-19 18:04:52.356025', NULL, NULL, '', 0, '2021-01-17 21:25:35', '2021-01-20 22:34:58'),
(58, '1067662799', '6', 0, 10, 0, 2, 30, '1', '3', '2', '2021-01-19 18:04:55.694753', NULL, NULL, '', 0, '2021-01-18 21:17:12', '2021-01-20 22:34:58'),
(61, '1067662799', '2', 0, 6, 0, 2, 3, '1', '3', '2', '2021-01-19 18:04:57.972767', NULL, NULL, '', 0, '2021-01-19 19:27:11', '2021-01-20 22:34:58'),
(62, '1067662799', '2', 0, 6, 0, 2, 3, '1', '3', '2', '2021-01-19 18:25:48.143026', NULL, NULL, '', 0, '2021-01-19 21:20:40', '2021-01-20 22:34:58'),
(63, '1067662799', '8', 0, 12, 0, 3, 4, '1', '3', '2', '2021-01-19 18:25:51.378730', NULL, NULL, '', 0, '2021-01-19 21:20:50', '2021-01-20 22:34:58'),
(64, '1067662799', '2', 0, 6, 0, 2, 3, '1', '3', '2', '2021-01-19 18:37:17.275173', NULL, NULL, '', 0, '2021-01-19 21:28:39', '2021-01-20 22:34:58'),
(65, '1067662799', '7', 0, 30, 0, 3, 3, '1', '3', '2', '2021-01-19 18:37:18.907237', NULL, NULL, '', 0, '2021-01-19 21:28:43', '2021-01-20 22:34:58'),
(66, '1067662799', '8', 0, 8, 0, 2, 4, '1', '3', '2', '2021-01-19 18:29:07.394408', NULL, NULL, '', 0, '2021-01-19 21:28:49', '2021-01-20 22:34:59'),
(67, '1067662799', '8', 0, 8, 0, 2, 4, '1', '3', '2', '2021-01-19 18:38:39.679372', NULL, NULL, '', 0, '2021-01-19 21:38:00', '2021-01-20 22:34:59'),
(68, '1067662799', '2', 0, 12, 0, 4, 3, '1', '3', '2', '2021-01-19 18:38:41.298419', NULL, NULL, '', 0, '2021-01-19 21:38:12', '2021-01-20 22:34:59'),
(69, '1067662799', '4', 0, 6, 0, 1, 20, '1', '0', '2', '2021-01-20 20:05:34.600669', NULL, NULL, '', 0, '2021-01-20 23:00:49', '2021-01-20 23:05:35'),
(70, '1067662799', '8', 28, 0, 1, 0, 4, '1', '0', '3', '2021-01-20 20:07:57.171657', NULL, 5, '', 0, '2021-01-20 23:07:41', '2021-03-01 14:12:57'),
(71, '1067662799', '5', 520, 0, 13, 0, 30, '1', '0', '2', '2021-01-22 04:57:44.505384', NULL, NULL, '', 0, '2021-01-20 23:15:35', '2021-01-22 07:57:45'),
(72, '1098066767', '2', 30, 0, 1, 0, 3, '0', '5', '0', '2021-01-21 09:29:56.641923', NULL, 2, '25', 1, '2021-01-21 19:29:59', '2021-03-01 14:10:53'),
(73, '1098066767', '7', 152, 150, 4, 15, 3, '0', '5', '0', '2021-01-21 09:42:44.665063', NULL, 2, '25', 1, '2021-01-21 19:31:26', '2021-03-01 14:10:53'),
(76, '1067662799', '8', 56, 0, 2, 0, 4, '1', '0', '2', '2021-01-22 04:57:45.948363', NULL, NULL, '', 0, '2021-01-21 19:58:19', '2021-01-22 07:57:47'),
(77, '1067662799', '2', 30, 12, 1, 4, 3, '1', '0', '2', '2021-01-22 04:57:47.124432', NULL, NULL, '', 0, '2021-01-21 19:58:46', '2021-01-22 07:57:48'),
(78, '1067662799', '7', 76, 20, 2, 2, 3, '1', '0', '2', '2021-01-22 04:57:48.297247', NULL, NULL, '', 0, '2021-01-21 19:58:51', '2021-01-22 07:57:49'),
(79, '1067662799', '2', 510, 0, 17, 0, 3, '1', '0', '3', '2021-01-22 05:02:42.670739', NULL, 5, '', 0, '2021-01-22 08:02:29', '2021-03-01 14:12:57'),
(81, '1067662799', '2', 150, 36, 5, 6, 3, '1', '0', '2', '2021-01-30 16:58:21.331051', NULL, NULL, '', 0, '2021-01-25 21:44:01', '2021-01-30 21:58:22'),
(82, '1067662799', '3', 330, 0, 30, 0, 3, '1', '0', '2', '2021-01-30 16:58:23.297956', NULL, NULL, '', 0, '2021-01-25 21:57:40', '2021-01-30 21:58:24'),
(85, '1067662799', '7', 76, 0, 2, 0, 3, '1', '0', '2', '2021-01-30 16:58:25.314393', NULL, NULL, '', 0, '2021-01-30 21:56:46', '2021-01-30 21:58:26'),
(96, '1015654329', '7', 152, 0, 4, 0, 3, '1', '0', '2', '2021-02-08 13:46:27.226988', NULL, NULL, '', 0, '2021-02-08 17:56:51', '2021-02-08 18:46:28'),
(98, '1015654329', '2', 600, 0, 20, 0, 3, '1', '0', '2', '2021-02-08 13:46:30.301247', NULL, NULL, '', 0, '2021-02-08 17:59:02', '2021-02-08 18:46:31'),
(99, '1015654329', '8', 168, 0, 6, 0, 4, '1', '0', '2', '2021-02-08 13:46:32.800069', NULL, NULL, '', 0, '2021-02-08 17:59:17', '2021-02-08 18:46:34'),
(100, '1015654329', '5', 40, 0, 1, 0, 30, '1', '0', '2', '2021-02-08 13:46:35.377565', NULL, NULL, '', 0, '2021-02-08 18:46:00', '2021-02-08 18:46:36'),
(101, '1015654329', '5', 160, 0, 4, 0, 30, '1', '0', '2', '2021-02-08 14:09:54.064980', NULL, NULL, '', 0, '2021-02-08 19:09:16', '2021-02-08 19:09:55'),
(102, '1015654329', '7', 228, 0, 6, 0, 3, '1', '0', '2', '2021-02-08 14:09:56.647875', NULL, NULL, '', 0, '2021-02-08 19:09:40', '2021-02-08 19:09:58'),
(103, '1015654329', '2', 150, 0, 5, 0, 3, '1', '0', '2', '2021-02-08 14:09:59.153224', NULL, NULL, '', 0, '2021-02-08 19:09:46', '2021-02-08 19:10:00'),
(104, '1015654329', '5', 160, 0, 4, 0, 30, '1', '0', '3', '2021-02-08 14:14:07.714436', NULL, NULL, '', 0, '2021-02-08 19:13:12', '2021-02-08 19:14:09'),
(105, '1015654329', '2', 330, 0, 11, 0, 3, '1', '0', '3', '2021-02-08 14:14:10.124003', NULL, NULL, '', 0, '2021-02-08 19:13:44', '2021-02-08 19:14:11'),
(106, '1015654329', '7', 266, 0, 7, 0, 3, '1', '0', '3', '2021-02-08 14:14:12.530999', NULL, NULL, '', 0, '2021-02-08 19:13:48', '2021-02-08 19:14:13'),
(107, '1015654329', '8', 196, 0, 7, 0, 4, '1', '0', '3', '2021-02-08 14:14:14.971933', NULL, NULL, '', 0, '2021-02-08 19:13:55', '2021-02-08 19:14:16'),
(108, '1015654329', '5', 160, 0, 4, 0, 30, '1', '0', '2', '2021-02-08 14:45:52.513546', NULL, NULL, '', 0, '2021-02-08 19:44:44', '2021-02-08 19:45:54'),
(109, '1015654329', '8', 448, 0, 16, 0, 4, '1', '0', '2', '2021-02-08 14:45:55.278188', NULL, NULL, '', 0, '2021-02-08 19:45:20', '2021-02-08 19:45:56'),
(110, '1015654329', '5', 80, 0, 2, 0, 30, '1', '1', '1', '2021-02-08 15:09:02.994281', NULL, 1, '', 0, '2021-02-08 20:05:24', '2021-02-23 22:16:06'),
(111, '1015654329', '2', 480, 0, 16, 0, 3, '1', '1', '1', '2021-02-08 15:09:07.576977', NULL, 1, '', 0, '2021-02-08 20:05:45', '2021-02-23 22:16:06'),
(112, '1023774267', '5', 40, 0, 1, 0, 30, '0', '0', '0', '2021-02-10 12:11:51.661477', 0, NULL, '25', 1, '2021-02-10 17:11:52', '2021-03-01 14:10:53'),
(123, '1067662799', '2', 450, 342, 15, 57, NULL, '0', '0', '3', '2021-02-27 00:23:07.092222', 0, 5, '', 0, '2021-02-21 01:17:01', '2021-03-01 14:12:57'),
(124, '1015654329', '4', 144, 246, 4, 41, 20, '1', '0', '4', '2021-02-26 15:04:31.707610', NULL, NULL, '', 0, '2021-02-26 19:49:46', '2021-02-26 20:04:32'),
(125, '1015654329', '5', 240, 28, 3, 2, 30, '1', '0', '4', '2021-02-26 15:04:36.933388', NULL, NULL, '', 0, '2021-02-26 19:50:43', '2021-02-26 20:04:38'),
(126, '1067662799', '4', 0, 120, 0, 20, 20, '1', '0', '4', '2021-02-27 00:44:47.735911', NULL, NULL, '', 0, '2021-02-27 04:43:10', '2021-02-27 05:44:48'),
(127, '1067662799', '7', 76, 250, 9, 2, 3, '1', '0', '4', '2021-02-27 00:44:50.419356', NULL, NULL, '', 0, '2021-02-27 05:44:22', '2021-02-27 05:44:51'),
(129, '1067662799', '7', 114, 30, 3, 3, 3, '1', '0', '6', '2021-02-27 15:17:40.699066', NULL, 2, '', 0, '2021-02-27 20:16:51', '2021-03-01 11:58:34'),
(130, '1067662799', '8', 84, 4, 3, 1, 4, '1', '0', '6', '2021-02-27 19:16:01.107941', NULL, 2, '', 0, '2021-02-28 00:15:15', '2021-03-01 11:58:34');

-- --------------------------------------------------------

--
-- Table structure for table `packages`
--

CREATE TABLE `packages` (
  `name` text NOT NULL,
  `id` int(11) NOT NULL,
  `price` int(11) NOT NULL,
  `created_at` timestamp NOT NULL DEFAULT current_timestamp(),
  `updated_at` timestamp NOT NULL DEFAULT current_timestamp()
) ENGINE=InnoDB DEFAULT CHARSET=utf8mb4;

--
-- Dumping data for table `packages`
--

INSERT INTO `packages` (`name`, `id`, `price`, `created_at`, `updated_at`) VALUES
('test', 8, 50, '2021-03-02 09:07:51', '2021-03-02 09:07:51'),
('Maya Levy', 9, 5000, '2021-03-02 09:09:42', '2021-03-02 09:09:42'),
('Stewart Campos', 10, 30, '2021-03-02 11:00:19', '2021-03-02 11:00:19'),
('testdasd', 11, 500, '2021-03-02 14:29:50', '2021-03-02 14:29:50'),
('dasdas', 12, 20, '2021-03-02 14:35:27', '2021-03-02 14:35:27');

-- --------------------------------------------------------

--
-- Table structure for table `package_products`
--

CREATE TABLE `package_products` (
  `id` int(11) NOT NULL,
  `package_id` int(11) NOT NULL,
  `product_id` int(11) NOT NULL,
  `created_at` timestamp NOT NULL DEFAULT current_timestamp(),
  `updated_at` timestamp NOT NULL DEFAULT current_timestamp()
) ENGINE=InnoDB DEFAULT CHARSET=utf8mb4;

--
-- Dumping data for table `package_products`
--

INSERT INTO `package_products` (`id`, `package_id`, `product_id`, `created_at`, `updated_at`) VALUES
(27, 8, 2, '2021-03-02 09:08:02', '2021-03-02 09:08:02'),
(28, 8, 3, '2021-03-02 09:08:02', '2021-03-02 09:08:02'),
(29, 8, 4, '2021-03-02 09:08:02', '2021-03-02 09:08:02'),
(30, 9, 6, '2021-03-02 09:09:42', '2021-03-02 09:09:42'),
(31, 9, 8, '2021-03-02 09:09:42', '2021-03-02 09:09:42'),
(32, 10, 7, '2021-03-02 11:00:19', '2021-03-02 11:00:19'),
(33, 10, 8, '2021-03-02 11:00:19', '2021-03-02 11:00:19'),
(34, 11, 2, '2021-03-02 14:29:50', '2021-03-02 14:29:50'),
(35, 11, 3, '2021-03-02 14:29:50', '2021-03-02 14:29:50'),
(36, 11, 4, '2021-03-02 14:29:50', '2021-03-02 14:29:50'),
(37, 12, 2, '2021-03-02 14:35:27', '2021-03-02 14:35:27'),
(38, 12, 3, '2021-03-02 14:35:27', '2021-03-02 14:35:27'),
(39, 12, 4, '2021-03-02 14:35:27', '2021-03-02 14:35:27');

-- --------------------------------------------------------

--
-- Table structure for table `password_resets`
--

CREATE TABLE `password_resets` (
  `email` varchar(255) COLLATE utf8mb4_unicode_ci NOT NULL,
  `token` varchar(255) COLLATE utf8mb4_unicode_ci NOT NULL,
  `created_at` timestamp NULL DEFAULT NULL
) ENGINE=InnoDB DEFAULT CHARSET=utf8mb4 COLLATE=utf8mb4_unicode_ci;

-- --------------------------------------------------------

--
-- Table structure for table `previousorders`
--

CREATE TABLE `previousorders` (
  `id` int(11) NOT NULL,
  `user_id` varchar(255) NOT NULL,
  `product_id` varchar(255) NOT NULL,
  `price` int(11) NOT NULL,
  `quantity` int(11) NOT NULL,
  `discount` int(11) NOT NULL,
  `created_at` timestamp NOT NULL DEFAULT current_timestamp(),
  `updated_at` timestamp NOT NULL DEFAULT current_timestamp() ON UPDATE current_timestamp()
) ENGINE=InnoDB DEFAULT CHARSET=utf8;

--
-- Dumping data for table `previousorders`
--

INSERT INTO `previousorders` (`id`, `user_id`, `product_id`, `price`, `quantity`, `discount`, `created_at`, `updated_at`) VALUES
(1, '1', '2', 2121, 2, 2, '2021-01-10 13:28:34', '2021-01-10 16:09:41'),
(2, '1', '3', 5555, 5555, 555, '2021-01-10 20:55:25', '2021-01-19 13:14:06');

-- --------------------------------------------------------

--
-- Table structure for table `products`
--

CREATE TABLE `products` (
  `id` int(11) NOT NULL,
  `name` varchar(255) NOT NULL,
  `category_id` varchar(255) DEFAULT NULL,
  `company_id` varchar(255) DEFAULT NULL,
  `subcategory_id` varchar(255) DEFAULT NULL,
  `price` int(11) NOT NULL,
  `price_unit` int(11) NOT NULL,
  `discount` int(11) DEFAULT NULL,
  `quantity` int(11) DEFAULT NULL,
  `description` text DEFAULT NULL,
  `unit_type` varchar(255) NOT NULL,
  `quantity_unit` int(11) NOT NULL,
  `quantity_status` int(11) NOT NULL,
  `max_quantity` int(11) NOT NULL,
  `status` int(11) NOT NULL DEFAULT 0,
  `store_id` int(11) DEFAULT NULL,
  `waiting_status` int(11) NOT NULL DEFAULT 0,
  `subunit_type` varchar(255) NOT NULL,
  `image` varchar(255) DEFAULT NULL,
  `created_at` timestamp NOT NULL DEFAULT current_timestamp(),
  `updated_at` timestamp NOT NULL DEFAULT current_timestamp() ON UPDATE current_timestamp()
) ENGINE=InnoDB DEFAULT CHARSET=utf8;

--
-- Dumping data for table `products`
--

INSERT INTO `products` (`id`, `name`, `category_id`, `company_id`, `subcategory_id`, `price`, `price_unit`, `discount`, `quantity`, `description`, `unit_type`, `quantity_unit`, `quantity_status`, `max_quantity`, `status`, `store_id`, `waiting_status`, `subunit_type`, `image`, `created_at`, `updated_at`) VALUES
(2, 'جبن فلاحي', '1', '1', '2', 30, 6, NULL, 10, 'null', 'كرتونة', 5, 0, 3, 0, 2, 0, 'علبة', 'ffd', '2021-01-05 11:16:41', '2021-03-02 08:10:26'),
(3, 'غسول معقم', '2', '3', '3', 11, 2, 3, -150, 'null', 'شرنك', 6, 0, 0, 0, NULL, 0, 'كيس', 'ffd', '2021-01-05 11:40:55', '2021-03-02 07:41:09'),
(4, 'صابونه - 40 جم', '2', '5', '3', 36, 6, 20, 40, 'للاستعمال اليدوي', 'كرتونة', 6, 0, 0, 0, NULL, 0, 'قطعه', '4_image.jpg', '2021-01-06 21:08:49', '2021-03-02 07:41:09'),
(5, 'غسول', '2', '7', '3', 40, 7, 30, 4, 'غشول بنسبة عالية من الكحول', 'كوتونة', 2, 1, 2, 0, NULL, 0, 'علبة', '5_image.jfif', '2021-01-06 21:09:39', '2021-01-22 07:57:46'),
(6, 'غسول يد - 50 جم', '2', '7', '3', 50, 5, 30, 4, 'غشول بنسبة عالية من الكحول', 'كوتونة', 10, 0, 0, 0, NULL, 0, 'علبة', '5_image.jfif', '2021-01-07 16:25:44', '2021-01-22 00:12:17'),
(7, 'لبن حليب', '1', '1', '11', 38, 10, 3, 10, 'لبن كامل الدسم', 'كرتونة', 2, 0, 0, 0, NULL, 0, 'زجاجة', '7_image.webp', '2021-01-11 16:46:01', '2021-03-02 08:10:26'),
(8, 'جبنه شيدر', '1', '1', '2', 28, 4, 4, 20, 'جبنه تاكل صوابعك وراها', 'كرتونة', 1, 0, 0, 0, NULL, 0, 'علبة', '8_image.webp', '2021-01-11 18:02:16', '2021-03-02 08:08:57'),
(9, 'Caldwell Nunez', '26', '7', '2', 56, 784, NULL, 609, 'Asperiores aliquam e', 'jkhj', 294, 0, 973, 1, 1, 1, 'hgjh', '9_image.jpg', '2021-02-21 17:56:31', '2021-03-02 07:42:25');

-- --------------------------------------------------------

--
-- Table structure for table `sliders`
--

CREATE TABLE `sliders` (
  `id` int(11) NOT NULL,
  `image` varchar(255) DEFAULT NULL,
  `package_id` int(11) DEFAULT NULL,
  `created_at` timestamp NOT NULL DEFAULT current_timestamp(),
  `updated_at` timestamp NOT NULL DEFAULT current_timestamp() ON UPDATE current_timestamp()
) ENGINE=InnoDB DEFAULT CHARSET=utf8;

--
-- Dumping data for table `sliders`
--

INSERT INTO `sliders` (`id`, `image`, `package_id`, `created_at`, `updated_at`) VALUES
(2, '2_image.jpg', 9, '2021-01-14 20:39:45', '2021-03-02 12:34:53'),
(3, '3_image.jpg', 8, '2021-01-14 20:39:53', '2021-03-02 12:34:58'),
(4, '4_image.jpg', 9, '2021-01-14 20:40:00', '2021-03-02 12:34:49'),
(5, '5_image.jpg', 10, '2021-03-02 12:19:11', '2021-03-02 12:34:45'),
(6, '6_image.jpg', 8, '2021-03-02 12:39:32', '2021-03-02 12:39:32'),
(7, '7_image.jpg', 8, '2021-03-02 14:33:59', '2021-03-02 14:33:59');

-- --------------------------------------------------------

--
-- Table structure for table `stores`
--

CREATE TABLE `stores` (
  `id` int(11) NOT NULL,
  `name` varchar(255) COLLATE utf8_unicode_ci NOT NULL,
  `section` int(255) NOT NULL,
  `address` varchar(255) COLLATE utf8_unicode_ci NOT NULL,
  `email` text COLLATE utf8_unicode_ci NOT NULL,
  `password` text COLLATE utf8_unicode_ci NOT NULL,
  `created_at` timestamp NOT NULL DEFAULT current_timestamp(),
  `updated_at` timestamp NOT NULL DEFAULT current_timestamp() ON UPDATE current_timestamp()
) ENGINE=InnoDB DEFAULT CHARSET=utf8 COLLATE=utf8_unicode_ci;

--
-- Dumping data for table `stores`
--

INSERT INTO `stores` (`id`, `name`, `section`, `address`, `email`, `password`, `created_at`, `updated_at`) VALUES
(3, 'mohamed', 1, 'dasda', 'store@gmail.com', '$2y$10$GgOHy5B4I1As5vRRHh5yxOSXpXpPXVZ6rV.t6CURs72RHRPYv6ZLe', '2021-03-02 13:09:07', '2021-03-03 14:44:51'),
(4, 'Stewart Campos', 2, 'dasda', '', '', '2021-03-02 13:14:24', '2021-03-02 13:14:24'),
(5, 'testdasdas', 27, 'ddddasdas', '', '', '2021-03-02 13:15:51', '2021-03-02 13:19:02'),
(6, 'dsada', 23, 'dasd', '', '', '2021-03-02 14:32:11', '2021-03-02 14:32:11');

-- --------------------------------------------------------

--
-- Table structure for table `store_categories`
--

CREATE TABLE `store_categories` (
  `store_id` int(11) NOT NULL,
  `id` int(11) NOT NULL,
  `name` text NOT NULL,
  `image` text NOT NULL,
  `created_at` timestamp NOT NULL DEFAULT current_timestamp(),
  `updated_at` timestamp NOT NULL DEFAULT current_timestamp()
) ENGINE=InnoDB DEFAULT CHARSET=utf8mb4;

--
-- Dumping data for table `store_categories`
--

INSERT INTO `store_categories` (`store_id`, `id`, `name`, `image`, `created_at`, `updated_at`) VALUES
(3, 7, 'dasdas', '7_image.jpg', '2021-03-04 13:17:37', '2021-03-04 13:17:37');

-- --------------------------------------------------------

--
-- Table structure for table `store_subcategory`
--

CREATE TABLE `store_subcategory` (
  `id` int(11) NOT NULL,
  `name` text NOT NULL,
  `image` text NOT NULL,
  `store_id` int(11) NOT NULL,
  `category_id` int(11) NOT NULL,
  `created_at` timestamp NOT NULL DEFAULT current_timestamp(),
  `updated_at` timestamp NOT NULL DEFAULT current_timestamp()
) ENGINE=InnoDB DEFAULT CHARSET=utf8mb4;

--
-- Dumping data for table `store_subcategory`
--

INSERT INTO `store_subcategory` (`id`, `name`, `image`, `store_id`, `category_id`, `created_at`, `updated_at`) VALUES
(1, 'dasdas', '1_image.jpg', 3, 7, '2021-03-04 11:50:57', '2021-03-04 13:01:15'),
(2, 'dasdad', '2_image.jfif', 3, 7, '2021-03-04 12:34:45', '2021-03-04 12:49:18'),
(3, 'testing', '3_image.webp', 3, 7, '2021-03-04 12:57:05', '2021-03-04 12:57:06');

-- --------------------------------------------------------

--
-- Table structure for table `subcategories`
--

CREATE TABLE `subcategories` (
  `id` int(11) NOT NULL,
  `name` varchar(255) NOT NULL,
  `category_id` varchar(255) NOT NULL,
  `company_id` varchar(255) DEFAULT NULL,
  `image` varchar(255) DEFAULT NULL,
  `created_at` timestamp NOT NULL DEFAULT current_timestamp(),
  `updated_at` timestamp NOT NULL DEFAULT current_timestamp() ON UPDATE current_timestamp()
) ENGINE=InnoDB DEFAULT CHARSET=utf8;

--
-- Dumping data for table `subcategories`
--

INSERT INTO `subcategories` (`id`, `name`, `category_id`, `company_id`, `image`, `created_at`, `updated_at`) VALUES
(2, 'جبن', '1', '1', '2_image.jpg', '2021-01-05 11:16:13', '2021-01-05 11:16:13'),
(3, 'صابون', '2', '3', '3_image.jpg', '2021-01-06 14:48:58', '2021-01-06 14:48:58'),
(4, 'شامبو و شاور جيل', '2', '4', '4_image.jfif', '2021-01-06 14:49:57', '2021-01-06 14:49:57'),
(5, 'كريم وجل للشعر', '2', '4', '5_image.jfif', '2021-01-06 14:52:17', '2021-01-06 14:52:17'),
(6, 'ادوات حلاقة', '2', '7', '6_image.jpg', '2021-01-06 14:53:09', '2021-01-06 14:53:09'),
(7, 'معجون اسنان', '2', '4', '7_image.jpg', '2021-01-06 14:53:33', '2021-01-06 14:53:33'),
(11, 'البان', '1', NULL, '11_image.webp', '2021-01-11 17:21:35', '2021-01-11 17:21:35'),
(13, 'جبن رومي', '1', NULL, '13_image.jpg', '2021-02-24 23:11:13', '2021-02-24 23:11:13'),
(14, 'جيل شاور', '2', NULL, '14_image.jpg', '2021-02-24 23:12:04', '2021-02-24 23:12:04'),
(15, 'حاجه ساقعة', '4', NULL, '15_image.jpg', '2021-02-24 23:12:45', '2021-02-24 23:12:45'),
(16, 'ورق', '3', NULL, '16_image.jfif', '2021-02-25 00:57:09', '2021-02-25 00:57:09');

-- --------------------------------------------------------

--
-- Table structure for table `users`
--

CREATE TABLE `users` (
  `id` int(11) NOT NULL,
  `secound_phone` text COLLATE utf8mb4_unicode_ci DEFAULT NULL,
  `name` varchar(255) COLLATE utf8mb4_unicode_ci NOT NULL,
  `email` varchar(255) COLLATE utf8mb4_unicode_ci NOT NULL,
  `email_verified_at` timestamp NULL DEFAULT NULL,
  `password` varchar(255) COLLATE utf8mb4_unicode_ci NOT NULL,
  `role` varchar(255) COLLATE utf8mb4_unicode_ci NOT NULL,
  `image` varchar(255) COLLATE utf8mb4_unicode_ci NOT NULL,
  `shop_name` varchar(255) COLLATE utf8mb4_unicode_ci NOT NULL,
  `shop_type` varchar(255) COLLATE utf8mb4_unicode_ci NOT NULL,
  `area` varchar(255) COLLATE utf8mb4_unicode_ci NOT NULL,
  `address` varchar(255) COLLATE utf8mb4_unicode_ci NOT NULL,
  `location` varchar(255) COLLATE utf8mb4_unicode_ci NOT NULL,
  `status` int(11) NOT NULL DEFAULT 0,
  `remember_token` varchar(100) COLLATE utf8mb4_unicode_ci DEFAULT NULL,
  `created_at` timestamp NULL DEFAULT NULL,
  `updated_at` timestamp NULL DEFAULT NULL
) ENGINE=InnoDB DEFAULT CHARSET=utf8mb4 COLLATE=utf8mb4_unicode_ci;

--
-- Dumping data for table `users`
--

INSERT INTO `users` (`id`, `secound_phone`, `name`, `email`, `email_verified_at`, `password`, `role`, `image`, `shop_name`, `shop_type`, `area`, `address`, `location`, `status`, `remember_token`, `created_at`, `updated_at`) VALUES
(1, NULL, 'admin', 'admin@admin.com', NULL, '$2y$10$GgOHy5B4I1As5vRRHh5yxOSXpXpPXVZ6rV.t6CURs72RHRPYv6ZLe', 'admin', '1_image.jpg', '', '', '', '', '', 0, 'cSjNwQAjkZIFOnztizKXrKHDyUk1qHHcjj4Uyp1emhYI96l49LmRjPOUiHkp', NULL, '2021-01-17 17:50:07'),
(1010, NULL, 'fddf', 'dsds@hh.com', NULL, '$2y$10$n6HEUSStywO.1KMmqJbWMuongaIpZIuoxbGCVwIk1xGNFoSD3lqKq', 'user', '/tmp/phpP5pvjU', 'dsd', 'sa', 'sdds', 'sddf', 'dsds', 1, NULL, '2021-01-21 02:06:29', '2021-02-21 18:18:02'),
(1111111, '3123123123', 'mohamed', 'mohamed95sobh@gmail.com', NULL, '$2y$10$YpQBw5Xu67mKW6Ki8/hKwuQ5sUe/uC43X1XnG4v13i6EnMrie0p5a', 'user', 'sadasdsadsa', 'testing', 'dsad', 'dsadsad', 'dsadsadasd', 'dsadasd', 1, NULL, '2021-03-01 10:48:40', '2021-03-01 11:11:45'),
(11111222, '3123123123', 'mohamed', 'mohamed95sobh@gmail.com', NULL, '$2y$10$wYYSwMdoP5S6i/Xmfv57mOT9EiluEJ5QgthCt.W6NZGeakBpmKWlS', 'user', 'sadasdsadsa', 'testing', 'dsad', 'dsadsad', 'dsadsadasd', 'dsadasd', 0, NULL, '2021-03-01 10:46:55', '2021-03-01 10:46:55'),
(111111115, '123456', 'mohamed', 'mohamed@gmail.com', NULL, '$2y$10$0LgJ7xtzQBKDKUxChtNKFupSUgLWiJvsS4vQBwJXwVmxuab8Co3eW', 'user', 'dasdas', 'testing', 'test', 'dasdas', 'dasdas', 'dasdas', 0, NULL, '2021-03-01 08:21:36', '2021-03-02 14:08:01'),
(452354252, NULL, 'store', 'dsds@hh.com', NULL, '$2y$10$WamJmn2Ve0jc60MALqO9i./YmeixcWikT0vMjBiJslnuJ7EMfYmpW', 'user', '/tmp/php1KVqDV', 'dsd', 'sa', 'sdds', '62s6a', 'dsds', 0, NULL, '2021-02-15 17:09:07', '2021-02-15 17:09:07'),
(1015654322, NULL, 'احمد احمد احمد', 'احمد احمد احمد@gmail.com', NULL, '$2y$10$n.CEle4vi/kVJ92k7358Ye7QkSmOCWDZRmIw1Eoj3eB9h2vGFQ06K', 'user', 'fff', 'storeName', 'storeType', 'عبدين', 'street - blocking', 'location', 0, NULL, '2021-02-08 17:44:48', '2021-02-08 17:44:48'),
(1015654329, NULL, 'محمد جابر', 'محمد جابر@gmail.com', NULL, '$2y$10$E3n.BVjEQL.gUlG0W2qGi.ks29OI6W/eGfMWqdIupfgSwx9A6uTgu', 'user', 'fff', 'محل', 'طلب منزلي', 'الدقي', 'عامر - ٣٤', '30.013210253406076, 31.209166534245014', 0, NULL, '2021-02-07 17:05:55', '2021-02-07 17:05:55'),
(1023774267, NULL, '‏mohamed ‎', '‏mohamed ‎@gmail.com', NULL, '$2y$10$t.YeLyT.diFAAAWI2Gbhoe.G1eNb1VVLKqEn9XA4uvun5lDrN70j.', 'user', 'fff', 'jj', 'سوبر ماركت', 'برما', 'x -  0553722290', '30.042615786118184, 31.21133878827095', 0, NULL, '2021-02-10 17:06:35', '2021-02-10 17:06:35'),
(1067662799, NULL, 'عدنان احمد محمود', 'عدنان احمد محمود@gmail.com', NULL, '$2y$10$w8VzwkVzV64JLvJ74vuzQuR382rQAdmI6cAhB/2/EN4oDEEXixaNC', 'user', 'fff', 'محلك', 'كشك', 'الدقي', 'مصدق - 12', '30.039187496071758, 31.208995543420315', 1, NULL, '2021-01-26 23:40:13', '2021-02-21 01:03:53'),
(1098066767, NULL, 'nada ‎ashraf', 'nada ‎ashraf@gmail.com', NULL, '$2y$10$UcCflHeapHUT109pnJ48QOh82Z2mnusAd1SEwZmE3lplfsHrpjb4i', 'user', 'fff', 'carefour', 'طلب منزلي', 'الدقي', '‏bbbyy - 77', '30.045669859595144, 31.22089147567749', 0, NULL, '2021-01-21 19:28:51', '2021-01-21 19:28:51'),
(1148920246, NULL, 'محمود محمد', 'محمود محمد@gmail.com', NULL, '$2y$10$PLzL1j.H0ADg86PDMb/s5uQ3qnIz.n4OEdnXOra98ClvV4GMVzdaG', 'user', 'fff', 'المنوفي', 'سوبر ماركت', 'الدقي', 'عامر - 24', '30.014170333640813, 31.20917659252882', 0, NULL, '2021-02-10 18:26:53', '2021-02-10 18:26:53'),
(1554794416, NULL, 'عدنان احمد عدنان', 'عدنان احمد عدنان@gmail.com', NULL, '$2y$10$HVyQ0MdyZ2UH/M3Yteu8HOHsheWaGYe5Kyqv4D1n8xfZ8wlWRT/0u', 'user', 'fff', 'محلك', 'طلب منزلي', 'الدقي', 'بنلنل - سئلت', '30.04073825185238, 31.20942536741495', 0, NULL, '2021-01-21 02:57:37', '2021-01-21 02:57:37'),
(1565456884, NULL, 'احمد احمدلت', 'احمد احمدلت@gmail.com', NULL, '$2y$10$GgVjQOS/EUg/oJea96MCAuJWV9UJTEpVpO5BqWk3dLnRyRT.vk0A.', 'user', 'fff', 'storeName', 'storeType', 'الدقي', 'street - blocking', 'location', 0, NULL, '2021-02-08 23:22:08', '2021-02-08 23:22:08');

--
-- Indexes for dumped tables
--

--
-- Indexes for table `areas`
--
ALTER TABLE `areas`
  ADD PRIMARY KEY (`id`);

--
-- Indexes for table `categories`
--
ALTER TABLE `categories`
  ADD PRIMARY KEY (`id`);

--
-- Indexes for table `companies`
--
ALTER TABLE `companies`
  ADD PRIMARY KEY (`id`);

--
-- Indexes for table `company_subcategory`
--
ALTER TABLE `company_subcategory`
  ADD PRIMARY KEY (`id`);

--
-- Indexes for table `complaintproducts`
--
ALTER TABLE `complaintproducts`
  ADD PRIMARY KEY (`id`);

--
-- Indexes for table `complaints`
--
ALTER TABLE `complaints`
  ADD PRIMARY KEY (`id`);

--
-- Indexes for table `contacts`
--
ALTER TABLE `contacts`
  ADD PRIMARY KEY (`id`);

--
-- Indexes for table `deliveries`
--
ALTER TABLE `deliveries`
  ADD PRIMARY KEY (`id`);

--
-- Indexes for table `depts`
--
ALTER TABLE `depts`
  ADD PRIMARY KEY (`id`);

--
-- Indexes for table `discounts`
--
ALTER TABLE `discounts`
  ADD PRIMARY KEY (`id`);

--
-- Indexes for table `mandobs`
--
ALTER TABLE `mandobs`
  ADD PRIMARY KEY (`id`),
  ADD UNIQUE KEY `phone` (`phone`);

--
-- Indexes for table `migrations`
--
ALTER TABLE `migrations`
  ADD PRIMARY KEY (`id`);

--
-- Indexes for table `min_prices`
--
ALTER TABLE `min_prices`
  ADD PRIMARY KEY (`id`);

--
-- Indexes for table `mostproducts`
--
ALTER TABLE `mostproducts`
  ADD PRIMARY KEY (`id`);

--
-- Indexes for table `orders`
--
ALTER TABLE `orders`
  ADD PRIMARY KEY (`id`);

--
-- Indexes for table `packages`
--
ALTER TABLE `packages`
  ADD PRIMARY KEY (`id`);

--
-- Indexes for table `package_products`
--
ALTER TABLE `package_products`
  ADD PRIMARY KEY (`id`);

--
-- Indexes for table `password_resets`
--
ALTER TABLE `password_resets`
  ADD KEY `password_resets_email_index` (`email`(191));

--
-- Indexes for table `previousorders`
--
ALTER TABLE `previousorders`
  ADD PRIMARY KEY (`id`);

--
-- Indexes for table `products`
--
ALTER TABLE `products`
  ADD PRIMARY KEY (`id`);

--
-- Indexes for table `sliders`
--
ALTER TABLE `sliders`
  ADD PRIMARY KEY (`id`);

--
-- Indexes for table `stores`
--
ALTER TABLE `stores`
  ADD PRIMARY KEY (`id`);

--
-- Indexes for table `store_categories`
--
ALTER TABLE `store_categories`
  ADD PRIMARY KEY (`id`);

--
-- Indexes for table `store_subcategory`
--
ALTER TABLE `store_subcategory`
  ADD PRIMARY KEY (`id`);

--
-- Indexes for table `subcategories`
--
ALTER TABLE `subcategories`
  ADD PRIMARY KEY (`id`);

--
-- Indexes for table `users`
--
ALTER TABLE `users`
  ADD PRIMARY KEY (`id`);

--
-- AUTO_INCREMENT for dumped tables
--

--
-- AUTO_INCREMENT for table `areas`
--
ALTER TABLE `areas`
  MODIFY `id` int(11) NOT NULL AUTO_INCREMENT, AUTO_INCREMENT=92;

--
-- AUTO_INCREMENT for table `categories`
--
ALTER TABLE `categories`
  MODIFY `id` int(11) NOT NULL AUTO_INCREMENT, AUTO_INCREMENT=31;

--
-- AUTO_INCREMENT for table `companies`
--
ALTER TABLE `companies`
  MODIFY `id` int(11) NOT NULL AUTO_INCREMENT, AUTO_INCREMENT=23;

--
-- AUTO_INCREMENT for table `company_subcategory`
--
ALTER TABLE `company_subcategory`
  MODIFY `id` int(11) NOT NULL AUTO_INCREMENT, AUTO_INCREMENT=26;

--
-- AUTO_INCREMENT for table `complaintproducts`
--
ALTER TABLE `complaintproducts`
  MODIFY `id` int(11) NOT NULL AUTO_INCREMENT, AUTO_INCREMENT=4;

--
-- AUTO_INCREMENT for table `complaints`
--
ALTER TABLE `complaints`
  MODIFY `id` int(11) NOT NULL AUTO_INCREMENT, AUTO_INCREMENT=8;

--
-- AUTO_INCREMENT for table `contacts`
--
ALTER TABLE `contacts`
  MODIFY `id` int(11) NOT NULL AUTO_INCREMENT, AUTO_INCREMENT=2;

--
-- AUTO_INCREMENT for table `deliveries`
--
ALTER TABLE `deliveries`
  MODIFY `id` int(11) NOT NULL AUTO_INCREMENT, AUTO_INCREMENT=15;

--
-- AUTO_INCREMENT for table `depts`
--
ALTER TABLE `depts`
  MODIFY `id` int(11) NOT NULL AUTO_INCREMENT, AUTO_INCREMENT=5;

--
-- AUTO_INCREMENT for table `discounts`
--
ALTER TABLE `discounts`
  MODIFY `id` int(11) NOT NULL AUTO_INCREMENT, AUTO_INCREMENT=5;

--
-- AUTO_INCREMENT for table `mandobs`
--
ALTER TABLE `mandobs`
  MODIFY `id` int(11) NOT NULL AUTO_INCREMENT, AUTO_INCREMENT=7;

--
-- AUTO_INCREMENT for table `min_prices`
--
ALTER TABLE `min_prices`
  MODIFY `id` int(11) NOT NULL AUTO_INCREMENT, AUTO_INCREMENT=2;

--
-- AUTO_INCREMENT for table `mostproducts`
--
ALTER TABLE `mostproducts`
  MODIFY `id` int(11) NOT NULL AUTO_INCREMENT, AUTO_INCREMENT=8;

--
-- AUTO_INCREMENT for table `orders`
--
ALTER TABLE `orders`
  MODIFY `id` int(11) NOT NULL AUTO_INCREMENT, AUTO_INCREMENT=131;

--
-- AUTO_INCREMENT for table `packages`
--
ALTER TABLE `packages`
  MODIFY `id` int(11) NOT NULL AUTO_INCREMENT, AUTO_INCREMENT=13;

--
-- AUTO_INCREMENT for table `package_products`
--
ALTER TABLE `package_products`
  MODIFY `id` int(11) NOT NULL AUTO_INCREMENT, AUTO_INCREMENT=40;

--
-- AUTO_INCREMENT for table `previousorders`
--
ALTER TABLE `previousorders`
  MODIFY `id` int(11) NOT NULL AUTO_INCREMENT, AUTO_INCREMENT=3;

--
-- AUTO_INCREMENT for table `products`
--
ALTER TABLE `products`
  MODIFY `id` int(11) NOT NULL AUTO_INCREMENT, AUTO_INCREMENT=10;

--
-- AUTO_INCREMENT for table `sliders`
--
ALTER TABLE `sliders`
  MODIFY `id` int(11) NOT NULL AUTO_INCREMENT, AUTO_INCREMENT=8;

--
-- AUTO_INCREMENT for table `stores`
--
ALTER TABLE `stores`
  MODIFY `id` int(11) NOT NULL AUTO_INCREMENT, AUTO_INCREMENT=7;

--
-- AUTO_INCREMENT for table `store_categories`
--
ALTER TABLE `store_categories`
  MODIFY `id` int(11) NOT NULL AUTO_INCREMENT, AUTO_INCREMENT=10;

--
-- AUTO_INCREMENT for table `store_subcategory`
--
ALTER TABLE `store_subcategory`
  MODIFY `id` int(11) NOT NULL AUTO_INCREMENT, AUTO_INCREMENT=4;

--
-- AUTO_INCREMENT for table `subcategories`
--
ALTER TABLE `subcategories`
  MODIFY `id` int(11) NOT NULL AUTO_INCREMENT, AUTO_INCREMENT=17;
COMMIT;

/*!40101 SET CHARACTER_SET_CLIENT=@OLD_CHARACTER_SET_CLIENT */;
/*!40101 SET CHARACTER_SET_RESULTS=@OLD_CHARACTER_SET_RESULTS */;
/*!40101 SET COLLATION_CONNECTION=@OLD_COLLATION_CONNECTION */;
